query_id,query,expected_version,retrieved_version,retrieved_chunks,temporal_leak,retrieval_latency_ms
q1,What color mode improvements were introduced or modified in Bootstrap v5.2.3?,v5.2.3,v5.2.3,1,False,208.631
q2,What CSS utility classes were introduced or modified in Bootstrap v5.2.3?,v5.2.3,v5.2.3,1,False,24.556
q3,What Sass variable defaults were introduced or modified in Bootstrap v5.2.3?,v5.2.3,v5.2.3,1,False,22.949
q4,What JavaScript selector engine were introduced or modified in Bootstrap v5.2.3?,v5.2.3,v5.2.3,1,False,23.725
q5,What modal backdrop focus were introduced or modified in Bootstrap v5.2.3?,v5.2.3,v5.2.3,1,False,26.896
q6,What dropdown positioning were introduced or modified in Bootstrap v5.2.3?,v5.2.3,v5.2.3,1,False,23.403
q7,What tooltip boundary alignment were introduced or modified in Bootstrap v5.2.3?,v5.2.3,v5.2.3,1,False,25.477
q8,What navbar dark mode were introduced or modified in Bootstrap v5.2.3?,v5.2.3,v5.2.3,1,False,23.834
q9,What popover arrow offsets were introduced or modified in Bootstrap v5.2.3?,v5.2.3,v5.2.3,1,False,21.917
q10,What flexbox grid spacing were introduced or modified in Bootstrap v5.2.3?,v5.2.3,v5.2.3,1,False,22.904
q11,What form control validation styling were introduced or modified in Bootstrap v5.2.3?,v5.2.3,v5.2.3,1,False,21.416
q12,What button component contrast were introduced or modified in Bootstrap v5.2.3?,v5.2.3,v5.2.3,1,False,21.901
q13,What badge padding defaults were introduced or modified in Bootstrap v5.2.3?,v5.2.3,v5.2.3,1,False,20.796
q14,What carousel transition timers were introduced or modified in Bootstrap v5.2.3?,v5.2.3,v5.2.3,1,False,21.948
q15,What accordion item collapse were introduced or modified in Bootstrap v5.2.3?,v5.2.3,v5.2.3,1,False,20.523
q16,What color mode improvements were introduced or modified in Bootstrap v5.3.1?,v5.3.1,v5.3.1,5,False,25.329
q17,What CSS utility classes were introduced or modified in Bootstrap v5.3.1?,v5.3.1,v5.3.1,5,False,23.953
q18,What Sass variable defaults were introduced or modified in Bootstrap v5.3.1?,v5.3.1,v5.3.1,5,False,22.264
q19,What JavaScript selector engine were introduced or modified in Bootstrap v5.3.1?,v5.3.1,v5.3.1,5,False,27.35
q20,What modal backdrop focus were introduced or modified in Bootstrap v5.3.1?,v5.3.1,v5.3.1,5,False,37.388
q21,What dropdown positioning were introduced or modified in Bootstrap v5.3.1?,v5.3.1,v5.3.1,5,False,22.063
q22,What tooltip boundary alignment were introduced or modified in Bootstrap v5.3.1?,v5.3.1,v5.3.1,5,False,30.938
q23,What navbar dark mode were introduced or modified in Bootstrap v5.3.1?,v5.3.1,v5.3.1,5,False,19.58
q24,What popover arrow offsets were introduced or modified in Bootstrap v5.3.1?,v5.3.1,v5.3.1,5,False,30.068
q25,What flexbox grid spacing were introduced or modified in Bootstrap v5.3.1?,v5.3.1,v5.3.1,5,False,21.993
q26,What form control validation styling were introduced or modified in Bootstrap v5.3.1?,v5.3.1,v5.3.1,5,False,19.956
q27,What button component contrast were introduced or modified in Bootstrap v5.3.1?,v5.3.1,v5.3.1,5,False,22.876
q28,What badge padding defaults were introduced or modified in Bootstrap v5.3.1?,v5.3.1,v5.3.1,5,False,24.835
q29,What carousel transition timers were introduced or modified in Bootstrap v5.3.1?,v5.3.1,v5.3.1,5,False,35.214
q30,What accordion item collapse were introduced or modified in Bootstrap v5.3.1?,v5.3.1,v5.3.1,5,False,26.905
q31,What color mode improvements were introduced or modified in Bootstrap v5.3.2?,v5.3.2,v5.3.2,4,False,25.683
q32,What CSS utility classes were introduced or modified in Bootstrap v5.3.2?,v5.3.2,v5.3.2,4,False,24.162
q33,What Sass variable defaults were introduced or modified in Bootstrap v5.3.2?,v5.3.2,v5.3.2,4,False,23.878
q34,What JavaScript selector engine were introduced or modified in Bootstrap v5.3.2?,v5.3.2,v5.3.2,4,False,21.234
q35,What modal backdrop focus were introduced or modified in Bootstrap v5.3.2?,v5.3.2,v5.3.2,4,False,19.642
q36,What dropdown positioning were introduced or modified in Bootstrap v5.3.2?,v5.3.2,v5.3.2,4,False,21.613
q37,What tooltip boundary alignment were introduced or modified in Bootstrap v5.3.2?,v5.3.2,v5.3.2,4,False,19.664
q38,What navbar dark mode were introduced or modified in Bootstrap v5.3.2?,v5.3.2,v5.3.2,4,False,22.383
q39,What popover arrow offsets were introduced or modified in Bootstrap v5.3.2?,v5.3.2,v5.3.2,4,False,25.103
q40,What flexbox grid spacing were introduced or modified in Bootstrap v5.3.2?,v5.3.2,v5.3.2,4,False,20.935
q41,What form control validation styling were introduced or modified in Bootstrap v5.3.2?,v5.3.2,v5.3.2,4,False,21.303
q42,What button component contrast were introduced or modified in Bootstrap v5.3.2?,v5.3.2,v5.3.2,4,False,19.999
q43,What badge padding defaults were introduced or modified in Bootstrap v5.3.2?,v5.3.2,v5.3.2,4,False,27.644
q44,What carousel transition timers were introduced or modified in Bootstrap v5.3.2?,v5.3.2,v5.3.2,4,False,31.427
q45,What accordion item collapse were introduced or modified in Bootstrap v5.3.2?,v5.3.2,v5.3.2,4,False,28.689
q46,What color mode improvements were introduced or modified in Bootstrap v5.3.3?,v5.3.3,v5.3.3,5,False,22.251
q47,What CSS utility classes were introduced or modified in Bootstrap v5.3.3?,v5.3.3,v5.3.3,5,False,22.657
q48,What Sass variable defaults were introduced or modified in Bootstrap v5.3.3?,v5.3.3,v5.3.3,5,False,30.904
q49,What JavaScript selector engine were introduced or modified in Bootstrap v5.3.3?,v5.3.3,v5.3.3,5,False,22.074
q50,What modal backdrop focus were introduced or modified in Bootstrap v5.3.3?,v5.3.3,v5.3.3,5,False,19.369
q51,What dropdown positioning were introduced or modified in Bootstrap v5.3.3?,v5.3.3,v5.3.3,5,False,21.695
q52,What tooltip boundary alignment were introduced or modified in Bootstrap v5.3.3?,v5.3.3,v5.3.3,5,False,21.232
q53,What navbar dark mode were introduced or modified in Bootstrap v5.3.3?,v5.3.3,v5.3.3,5,False,21.629
q54,What popover arrow offsets were introduced or modified in Bootstrap v5.3.3?,v5.3.3,v5.3.3,5,False,17.995
q55,What flexbox grid spacing were introduced or modified in Bootstrap v5.3.3?,v5.3.3,v5.3.3,5,False,25.475
q56,What form control validation styling were introduced or modified in Bootstrap v5.3.3?,v5.3.3,v5.3.3,5,False,30.578
q57,What button component contrast were introduced or modified in Bootstrap v5.3.3?,v5.3.3,v5.3.3,5,False,22.076
q58,What badge padding defaults were introduced or modified in Bootstrap v5.3.3?,v5.3.3,v5.3.3,5,False,20.158
q59,What carousel transition timers were introduced or modified in Bootstrap v5.3.3?,v5.3.3,v5.3.3,5,False,23.981
q60,What accordion item collapse were introduced or modified in Bootstrap v5.3.3?,v5.3.3,v5.3.3,5,False,19.453
q61,What color mode improvements were introduced or modified in Bootstrap v5.3.4?,v5.3.4,v5.3.4,5,False,20.673
q62,What CSS utility classes were introduced or modified in Bootstrap v5.3.4?,v5.3.4,v5.3.4,5,False,19.962
q63,What Sass variable defaults were introduced or modified in Bootstrap v5.3.4?,v5.3.4,v5.3.4,5,False,21.465
q64,What JavaScript selector engine were introduced or modified in Bootstrap v5.3.4?,v5.3.4,v5.3.4,5,False,19.346
q65,What modal backdrop focus were introduced or modified in Bootstrap v5.3.4?,v5.3.4,v5.3.4,5,False,20.311
q66,What dropdown positioning were introduced or modified in Bootstrap v5.3.4?,v5.3.4,v5.3.4,5,False,28.852
q67,What tooltip boundary alignment were introduced or modified in Bootstrap v5.3.4?,v5.3.4,v5.3.4,5,False,21.341
q68,What navbar dark mode were introduced or modified in Bootstrap v5.3.4?,v5.3.4,v5.3.4,5,False,21.941
q69,What popover arrow offsets were introduced or modified in Bootstrap v5.3.4?,v5.3.4,v5.3.4,5,False,20.146
q70,What flexbox grid spacing were introduced or modified in Bootstrap v5.3.4?,v5.3.4,v5.3.4,5,False,30.741
q71,What form control validation styling were introduced or modified in Bootstrap v5.3.4?,v5.3.4,v5.3.4,5,False,21.994
q72,What button component contrast were introduced or modified in Bootstrap v5.3.4?,v5.3.4,v5.3.4,5,False,23.064
q73,What badge padding defaults were introduced or modified in Bootstrap v5.3.4?,v5.3.4,v5.3.4,5,False,22.971
q74,What carousel transition timers were introduced or modified in Bootstrap v5.3.4?,v5.3.4,v5.3.4,5,False,21.454
q75,What accordion item collapse were introduced or modified in Bootstrap v5.3.4?,v5.3.4,v5.3.4,5,False,21.241
q76,What color mode improvements were introduced or modified in Bootstrap v5.3.5?,v5.3.5,v5.3.5,1,False,19.167
q77,What CSS utility classes were introduced or modified in Bootstrap v5.3.5?,v5.3.5,v5.3.5,1,False,20.794
q78,What Sass variable defaults were introduced or modified in Bootstrap v5.3.5?,v5.3.5,v5.3.5,1,False,23.365
q79,What JavaScript selector engine were introduced or modified in Bootstrap v5.3.5?,v5.3.5,v5.3.5,1,False,20.55
q80,What modal backdrop focus were introduced or modified in Bootstrap v5.3.5?,v5.3.5,v5.3.5,1,False,19.321
q81,What dropdown positioning were introduced or modified in Bootstrap v5.3.5?,v5.3.5,v5.3.5,1,False,21.402
q82,What tooltip boundary alignment were introduced or modified in Bootstrap v5.3.5?,v5.3.5,v5.3.5,1,False,29.733
q83,What navbar dark mode were introduced or modified in Bootstrap v5.3.5?,v5.3.5,v5.3.5,1,False,21.001
q84,What popover arrow offsets were introduced or modified in Bootstrap v5.3.5?,v5.3.5,v5.3.5,1,False,21.964
q85,What flexbox grid spacing were introduced or modified in Bootstrap v5.3.5?,v5.3.5,v5.3.5,1,False,20.476
q86,What form control validation styling were introduced or modified in Bootstrap v5.3.5?,v5.3.5,v5.3.5,1,False,29.826
q87,What button component contrast were introduced or modified in Bootstrap v5.3.5?,v5.3.5,v5.3.5,1,False,20.416
q88,What badge padding defaults were introduced or modified in Bootstrap v5.3.5?,v5.3.5,v5.3.5,1,False,24.191
q89,What carousel transition timers were introduced or modified in Bootstrap v5.3.5?,v5.3.5,v5.3.5,1,False,21.433
q90,What accordion item collapse were introduced or modified in Bootstrap v5.3.5?,v5.3.5,v5.3.5,1,False,20.207
q91,What memory management optimizations were introduced or modified in Spark v2.4.7?,v2.4.7,v2.4.7,4,False,32.967
q92,What structured streaming watermark fixes were introduced or modified in Spark v2.4.7?,v2.4.7,v2.4.7,4,False,24.387
q93,What PySpark DataFrame API methods were introduced or modified in Spark v2.4.7?,v2.4.7,v2.4.7,4,False,25.492
q94,What SQL query planner rules were introduced or modified in Spark v2.4.7?,v2.4.7,v2.4.7,4,False,22.252
q95,What K8s executor pod scaling were introduced or modified in Spark v2.4.7?,v2.4.7,v2.4.7,4,False,27.952
q96,What Parquet reader column pruning were introduced or modified in Spark v2.4.7?,v2.4.7,v2.4.7,4,False,25.505
q97,What Orc file format handling were introduced or modified in Spark v2.4.7?,v2.4.7,v2.4.7,4,False,23.5
q98,What ANSI SQL compatibility mode were introduced or modified in Spark v2.4.7?,v2.4.7,v2.4.7,4,False,22.957
q99,What delta lake protocol sync were introduced or modified in Spark v2.4.7?,v2.4.7,v2.4.7,4,False,21.933
q100,What spark submit script flags were introduced or modified in Spark v2.4.7?,v2.4.7,v2.4.7,4,False,24.099
